sample name,total reads in idxstats,minor,minor%,minor%fastq,major,major%,major%fastq,y,y%,y%fastq,total reads fastq,AB,Strain,Sex,minorpi,majorpi
fastp_B6_F_092920_CENPA,25522578,9603511,37.62751161,26.46707444,1148517,4.500003879,3.165288709,11151,0.043690727,0.030731922,36284747,CENPA,C57BL/6J,F,10.72346,12.47643
fastp_B6_F_092920_H3K4me3,45062562,37070,0.08226341,0.080341454,1041023,2.310172688,2.256199122,61,0.000135367,0.000132205,46140564,H3K4me3,C57BL/6J,F,12.96157,12.51822
fastp_B6_F_092920_IgG,31470064,78683,0.250024913,0.242246089,931843,2.961045774,2.868921138,147,0.000467111,0.000452578,32480607,IgG,C57BL/6J,F,12.29173,13.08557
fastp_B6_F_092920_input,34911515,194174,0.556188982,0.516747715,2470606,7.07676536,6.574927674,374,0.00107128,0.000995312,37576170,input,C57BL/6J,F,12.44209,13.13325
fastp_B6_M_CENPA,15153765,16231650,107.1129848,50.02130543,897924,5.925418535,2.767145094,171300,1.130412145,0.527897633,32449473,CENPA,C57BL/6J,M,9.694383,10.20665
fastp_CAST_F_011921_CENPA,24034569,7939934,33.03547486,22.22198713,3730742,15.52240026,10.44145968,26232,0.109142793,0.07341713,35730081,CENPA,CAST/EiJ,F,10.92134,11.84715
fastp_CAST_F_011921_H3K4me3,34090386,85952,0.252129735,0.223955214,4203351,12.33001879,10.95218695,140,0.000410673,0.000364782,38379102,H3K4me3,CAST/EiJ,F,16.41482,11.62125
fastp_CAST_F_011921_IgG,28641582,23962,0.08366158,0.081958472,571257,1.994502259,1.95389995,52,0.000181554,0.000177858,29236758,IgG,CAST/EiJ,F,14.59868,11.74539
fastp_CAST_F_011921_input,37206381,205561,0.552488564,0.504638473,3322422,8.929710202,8.156323257,506,0.001359982,0.001242196,40734310,input,CAST/EiJ,F,14.63977,12.48626
fastp_CAST_M_011921_CENPA,23239640,7644849,32.89572902,24.05979725,794096,3.416989248,2.499171502,97459,0.41936536,0.306722053,31774370,CENPA,CAST/EiJ,M,10.77989,11.87484
fastp_CAST_M_101620_CENPA,23847635,4751560,19.9246592,14.16672349,4892367,20.51510349,14.586538,50900,0.213438356,0.151757786,33540289,CENPA,CAST/EiJ,M,10.60702,11.58167
fastp_LEWES_F_011921_CENPA,25883759,6467193,24.98552471,18.35677141,2869564,11.08634955,8.14509949,11717,0.045267768,0.03325806,35230558,CENPA,LEWES/EiJ,F,9.234159,11.19325
fastp_LEWES_F_012621_CENPA,24696858,7201272,29.15865654,20.35193644,3475430,14.0723569,9.822116211,12074,0.04888881,0.034123038,35383719,CENPA,LEWES/EiJ,F,9.552138,11.1524
fastp_LEWES_F_012621_H3K4me3,35716541,49751,0.139294004,0.130482437,2362681,6.61508907,6.196626707,50,0.000139991,0.000131135,38128503,H3K4me3,LEWES/EiJ,F,13.25403,11.07577
fastp_LEWES_F_012621_IgG,27900370,26034,0.093310591,0.091680016,470255,1.68547944,1.656026188,62,0.000222219,0.000218336,28396592,IgG,LEWES/EiJ,F,12.53133,11.34838
fastp_LEWES_F_012621_input,36541060,230072,0.62962596,0.592448603,2063226,5.646322247,5.312925351,338,0.000924987,0.000870369,38834086,input,LEWES/EiJ,F,12.94254,11.91683
fastp_LEWES_M_011921_CENPA,17790289,15839180,89.03273016,43.35199427,2680739,15.06855229,7.337209487,233458,1.312277726,0.638976884,36536220,CENPA,LEWES/EiJ,M,9.952098,10.88956
fastp_PWK_F_012621_CENPA,28819321,10144218,35.19936504,25.2816914,1161893,4.031645992,2.895700809,9,3.1229E-05,2.243E-05,40124760,CENPA,PWK/PhJ,F,8.867251,13.90947
fastp_PWK_F_092920_CENPA,25423199,4860899,19.11993451,15.85285311,378688,1.489537174,1.235015424,5,1.96671E-05,1.63065E-05,30662613,CENPA,PWK/PhJ,F,6.836783,13.19994
fastp_PWK_F_092920_H3K4me3,43264936,144529,0.334055735,0.329406877,466139,1.077405962,1.062412334,2,4.62268E-06,4.55835E-06,43875526,H3K4me3,PWK/PhJ,F,11.05882,13.30794
fastp_PWK_F_092920_IgG,26234573,54747,0.208682642,0.205513484,349864,1.333598988,1.313346293,5,1.90588E-05,1.87694E-05,26639128,IgG,PWK/PhJ,F,10.76435,12.77582
fastp_PWK_F_092920_input,40440011,588714,1.455771117,1.372117218,1877087,4.641657986,4.374931448,19,4.69832E-05,4.42833E-05,42905518,input,PWK/PhJ,F,10.59368,13.30512
fastp_PWK_M_101620_CENPA,19455062,8984407,46.18030516,30.59085237,857868,4.409484791,2.920939951,73449,0.377531565,0.250085233,29369587,CENPA,PWK/PhJ,M,7.641044,12.16957
fastp_B6_M_input,70019521,383006,0.546998886,0.496378091,6758158,9.651819812,8.758613613,1602,0.002287933,0.002076202,77160134,input,C57BL/6J,M,12.1248,12.13008
fastp_CAST_M_011921_input,56139303,355884,0.633930208,0.574053218,5499293,9.795798498,8.870550083,1683,0.0029979,0.002714737,61994949,input,CAST/EiJ,M,16.10141,14.12093
fastp_CAST_M_101620_input,70741038,449453,0.635349739,0.574133663,7092234,10.02562897,9.059657601,2294,0.003242814,0.002930368,78283687,input,CAST/EiJ,M,14.92765,12.61301
fastp_LEWES_F_011921_input,78144477,469558,0.600884436,0.562444305,4871780,6.234324148,5.835498307,745,0.000953362,0.000892373,83485244,input,LEWES/EiJ,F,13.38207,12.33429
fastp_LEWES_M_011921_input,57110088,366551,0.641832315,0.595943456,4025499,7.048665378,6.544709432,6886,0.012057414,0.01119535,61507681,input,LEWES/EiJ,M,13.12188,11.84929
fastp_PWK_F_012621_input,69770139,1124228,1.611331174,1.509765287,3570179,5.117058746,4.794518837,15,2.14992E-05,2.0144E-05,74463760,input,PWK/PhJ,F,12.46563,15.06641
fastp_PWK_M_101620_input,69705182,1063132,1.525183594,1.407033239,4789314,6.870814856,6.338558139,1957,0.002807539,0.002590049,75558414,input,PWK/PhJ,M,10.9253,12.78562